{
  "best_global_step": null,
  "best_metric": null,
  "best_model_checkpoint": null,
  "epoch": 6.666666666666667,
  "eval_steps": 50,
  "global_step": 20,
  "is_hyper_param_search": false,
  "is_local_process_zero": true,
  "is_world_process_zero": true,
  "log_history": [
    {
      "epoch": 1.6666666666666665,
      "grad_norm": 12.265917778015137,
      "learning_rate": 0.0002842105263157894,
      "loss": 19.3791,
      "step": 5
    },
    {
      "epoch": 3.3333333333333335,
      "grad_norm": 18.289857864379883,
      "learning_rate": 0.00022105263157894733,
      "loss": 11.6519,
      "step": 10
    },
    {
      "epoch": 5.0,
      "grad_norm": 8.210775375366211,
      "learning_rate": 0.0001421052631578947,
      "loss": 3.701,
      "step": 15
    },
    {
      "epoch": 6.666666666666667,
      "grad_norm": 2.072136402130127,
      "learning_rate": 6.315789473684209e-05,
      "loss": 0.3314,
      "step": 20
    }
  ],
  "logging_steps": 5,
  "max_steps": 20,
  "num_input_tokens_seen": 0,
  "num_train_epochs": 7,
  "save_steps": 50,
  "stateful_callbacks": {
    "TrainerControl": {
      "args": {
        "should_epoch_stop": false,
        "should_evaluate": false,
        "should_log": false,
        "should_save": true,
        "should_training_stop": true
      },
      "attributes": {}
    }
  },
  "total_flos": 266532044144640.0,
  "train_batch_size": 8,
  "trial_name": null,
  "trial_params": null
}
